first_name,second_name,town,country,telephone,email,date_of_birth
name11,name211,Kiev,Ukraine,123123123123,name11@gmail.com,1987-09-03
name12,name212,Kiev,Ukraine,123123123125,name12@gmail.com,1987-09-03
name13,name213,Kiev,Ukraine,123123123126,name13@gmail.com,1987-09-03
name14,name214,Kiev,Ukraine,123123123127,name14@gmail.com,1987-09-03
name15,name215,Kiev,Ukraine,123123123128,name15@gmail.com,1987-09-03
name16,name216,Kiev,Ukraine,123123123129,name16@gmail.com,1987-09-03
name17,name217,Kiev,Ukraine,123123123120,name17@gmail.com,1987-09-03
name18,name218,Kiev,Ukraine,123123123121,name18@gmail.com,1987-09-03
name19,name219,Kiev,Ukraine,123123123122,name19@gmail.com,1987-09-03
name10,name210,Kiev,Ukraine,123123123123,name10@gmail.com,1987-09-03
